date,keyword,segment,gender,age_group,search_volume,year,month
2023-01-01,선크림,20대 여성,여성,20대,38.06034,2023,1
2023-02-01,선크림,20대 여성,여성,20대,43.20043,2023,2
2023-03-01,선크림,20대 여성,여성,20대,68.96551,2023,3
2023-04-01,선크림,20대 여성,여성,20대,79.70905,2023,4
2023-05-01,선크림,20대 여성,여성,20대,100.0,2023,5
2023-06-01,선크림,20대 여성,여성,20대,89.04094,2023,6
2023-07-01,선크림,20대 여성,여성,20대,75.60344,2023,7
2023-08-01,선크림,20대 여성,여성,20대,65.05387,2023,8
2023-09-01,선크림,20대 여성,여성,20대,35.86206,2023,9
2023-10-01,선크림,20대 여성,여성,20대,32.95258,2023,10
2023-11-01,선크림,20대 여성,여성,20대,32.2737,2023,11
2023-12-01,선크림,20대 여성,여성,20대,27.16594,2023,12
2024-01-01,선크림,20대 여성,여성,20대,34.61206,2024,1
2024-02-01,선크림,20대 여성,여성,20대,40.38793,2024,2
2024-03-01,선크림,20대 여성,여성,20대,53.90086,2024,3
2024-04-01,선크림,20대 여성,여성,20대,73.00646,2024,4
2024-05-01,선크림,20대 여성,여성,20대,84.45043,2024,5
2024-06-01,선크림,20대 여성,여성,20대,84.80603,2024,6
2024-07-01,선크림,20대 여성,여성,20대,69.1487,2024,7
2024-08-01,선크림,20대 여성,여성,20대,61.76724,2024,8
2024-09-01,선크림,20대 여성,여성,20대,37.29525,2024,9
2024-10-01,선크림,20대 여성,여성,20대,29.74137,2024,10
2024-11-01,선크림,20대 여성,여성,20대,25.14008,2024,11
2024-12-01,선크림,20대 여성,여성,20대,23.06034,2024,12
2025-01-01,선크림,20대 여성,여성,20대,26.0237,2025,1
2025-02-01,선크림,20대 여성,여성,20대,30.89439,2025,2
2025-03-01,선크림,20대 여성,여성,20대,38.08189,2025,3
2025-04-01,선크림,20대 여성,여성,20대,48.94396,2025,4
2025-05-01,선크림,20대 여성,여성,20대,52.43534,2025,5
2025-06-01,선크림,20대 여성,여성,20대,55.61422,2025,6
2025-07-01,선크림,20대 여성,여성,20대,61.27155,2025,7
2025-08-01,선크림,20대 여성,여성,20대,38.76077,2025,8
2025-09-01,선크림,20대 여성,여성,20대,21.72413,2025,9
2025-10-01,선크림,20대 여성,여성,20대,18.40517,2025,10
2025-11-01,선크림,20대 여성,여성,20대,10.76508,2025,11
2023-01-01,선크림,30대 여성,여성,30대,39.25421,2023,1
2023-02-01,선크림,30대 여성,여성,30대,45.03159,2023,2
2023-03-01,선크림,30대 여성,여성,30대,68.57857,2023,3
2023-04-01,선크림,30대 여성,여성,30대,81.18186,2023,4
2023-05-01,선크림,30대 여성,여성,30대,100.0,2023,5
2023-06-01,선크림,30대 여성,여성,30대,84.95243,2023,6
2023-07-01,선크림,30대 여성,여성,30대,69.11325,2023,7
2023-08-01,선크림,30대 여성,여성,30대,56.48913,2023,8
2023-09-01,선크림,30대 여성,여성,30대,33.53933,2023,9
2023-10-01,선크림,30대 여성,여성,30대,36.68495,2023,10
2023-11-01,선크림,30대 여성,여성,30대,33.74071,2023,11
2023-12-01,선크림,30대 여성,여성,30대,29.51183,2023,12
2024-01-01,선크림,30대 여성,여성,30대,36.07388,2024,1
2024-02-01,선크림,30대 여성,여성,30대,40.24026,2024,2
2024-03-01,선크림,30대 여성,여성,30대,56.19748,2024,3
2024-04-01,선크림,30대 여성,여성,30대,77.27935,2024,4
2024-05-01,선크림,30대 여성,여성,30대,84.66773,2024,5
2024-06-01,선크림,30대 여성,여성,30대,82.22345,2024,6
2024-07-01,선크림,30대 여성,여성,30대,60.50968,2024,7
2024-08-01,선크림,30대 여성,여성,30대,58.07235,2024,8
2024-09-01,선크림,30대 여성,여성,30대,38.33761,2024,9
2024-10-01,선크림,30대 여성,여성,30대,34.44899,2024,10
2024-11-01,선크림,30대 여성,여성,30대,31.57419,2024,11
2024-12-01,선크림,30대 여성,여성,30대,27.98416,2024,12
2025-01-01,선크림,30대 여성,여성,30대,30.74092,2025,1
2025-02-01,선크림,30대 여성,여성,30대,36.49052,2025,2
2025-03-01,선크림,30대 여성,여성,30대,47.44809,2025,3
2025-04-01,선크림,30대 여성,여성,30대,59.85695,2025,4
2025-05-01,선크림,30대 여성,여성,30대,58.66953,2025,5
2025-06-01,선크림,30대 여성,여성,30대,61.25269,2025,6
2025-07-01,선크림,30대 여성,여성,30대,59.60002,2025,7
2025-08-01,선크림,30대 여성,여성,30대,41.83042,2025,8
2025-09-01,선크림,30대 여성,여성,30대,26.36622,2025,9
2025-10-01,선크림,30대 여성,여성,30대,22.7137,2025,10
2025-11-01,선크림,30대 여성,여성,30대,15.60308,2025,11
2023-01-01,선크림,40대 여성,여성,40대,38.54175,2023,1
2023-02-01,선크림,40대 여성,여성,40대,45.32866,2023,2
2023-03-01,선크림,40대 여성,여성,40대,69.42473,2023,3
2023-04-01,선크림,40대 여성,여성,40대,79.13496,2023,4
2023-05-01,선크림,40대 여성,여성,40대,100.0,2023,5
2023-06-01,선크림,40대 여성,여성,40대,84.8705,2023,6
2023-07-01,선크림,40대 여성,여성,40대,69.04863,2023,7
2023-08-01,선크림,40대 여성,여성,40대,52.13266,2023,8
2023-09-01,선크림,40대 여성,여성,40대,31.54115,2023,9
2023-10-01,선크림,40대 여성,여성,40대,36.98606,2023,10
2023-11-01,선크림,40대 여성,여성,40대,31.83178,2023,11
2023-12-01,선크림,40대 여성,여성,40대,29.74613,2023,12
2024-01-01,선크림,40대 여성,여성,40대,35.84921,2024,1
2024-02-01,선크림,40대 여성,여성,40대,36.51594,2024,2
2024-03-01,선크림,40대 여성,여성,40대,57.27839,2024,3
2024-04-01,선크림,40대 여성,여성,40대,77.82716,2024,4
2024-05-01,선크림,40대 여성,여성,40대,82.29763,2024,5
2024-06-01,선크림,40대 여성,여성,40대,77.04932,2024,6
2024-07-01,선크림,40대 여성,여성,40대,58.82554,2024,7
2024-08-01,선크림,40대 여성,여성,40대,53.97897,2024,8
2024-09-01,선크림,40대 여성,여성,40대,39.21702,2024,9
2024-10-01,선크림,40대 여성,여성,40대,34.41319,2024,10
2024-11-01,선크림,40대 여성,여성,40대,30.93426,2024,11
2024-12-01,선크림,40대 여성,여성,40대,27.54936,2024,12
2025-01-01,선크림,40대 여성,여성,40대,30.94281,2025,1
2025-02-01,선크림,40대 여성,여성,40대,35.69535,2025,2
2025-03-01,선크림,40대 여성,여성,40대,50.8163,2025,3
2025-04-01,선크림,40대 여성,여성,40대,64.71493,2025,4
2025-05-01,선크림,40대 여성,여성,40대,60.91973,2025,5
2025-06-01,선크림,40대 여성,여성,40대,61.45824,2025,6
2025-07-01,선크림,40대 여성,여성,40대,60.43251,2025,7
2025-08-01,선크림,40대 여성,여성,40대,42.11471,2025,8
2025-09-01,선크림,40대 여성,여성,40대,27.48952,2025,9
2025-10-01,선크림,40대 여성,여성,40대,23.9935,2025,10
2025-11-01,선크림,40대 여성,여성,40대,15.87315,2025,11
2023-01-01,선크림,20대 남성,남성,20대,37.20136,2023,1
2023-02-01,선크림,20대 남성,남성,20대,39.08747,2023,2
2023-03-01,선크림,20대 남성,남성,20대,71.83402,2023,3
2023-04-01,선크림,20대 남성,남성,20대,77.16903,2023,4
2023-05-01,선크림,20대 남성,남성,20대,100.0,2023,5
2023-06-01,선크림,20대 남성,남성,20대,91.77294,2023,6
2023-07-01,선크림,20대 남성,남성,20대,72.37291,2023,7
2023-08-01,선크림,20대 남성,남성,20대,69.85809,2023,8
2023-09-01,선크림,20대 남성,남성,20대,38.9797,2023,9
2023-10-01,선크림,20대 남성,남성,20대,33.96802,2023,10
2023-11-01,선크림,20대 남성,남성,20대,27.66301,2023,11
2023-12-01,선크림,20대 남성,남성,20대,24.71708,2023,12
2024-01-01,선크림,20대 남성,남성,20대,29.04616,2024,1
2024-02-01,선크림,20대 남성,남성,20대,32.9082,2024,2
2024-03-01,선크림,20대 남성,남성,20대,49.81138,2024,3
2024-04-01,선크림,20대 남성,남성,20대,66.01401,2024,4
2024-05-01,선크림,20대 남성,남성,20대,82.522,2024,5
2024-06-01,선크림,20대 남성,남성,20대,85.27034,2024,6
2024-07-01,선크림,20대 남성,남성,20대,68.88809,2024,7
2024-08-01,선크림,20대 남성,남성,20대,67.77438,2024,8
2024-09-01,선크림,20대 남성,남성,20대,37.97377,2024,9
2024-10-01,선크림,20대 남성,남성,20대,28.3456,2024,10
2024-11-01,선크림,20대 남성,남성,20대,24.35782,2024,11
2024-12-01,선크림,20대 남성,남성,20대,22.02263,2024,12
2025-01-01,선크림,20대 남성,남성,20대,22.14837,2025,1
2025-02-01,선크림,20대 남성,남성,20대,29.83653,2025,2
2025-03-01,선크림,20대 남성,남성,20대,37.1834,2025,3
2025-04-01,선크림,20대 남성,남성,20대,45.89545,2025,4
2025-05-01,선크림,20대 남성,남성,20대,49.57786,2025,5
2025-06-01,선크림,20대 남성,남성,20대,58.25399,2025,6
2025-07-01,선크림,20대 남성,남성,20대,62.83456,2025,7
2025-08-01,선크림,20대 남성,남성,20대,39.14136,2025,8
2025-09-01,선크림,20대 남성,남성,20대,21.07059,2025,9
2025-10-01,선크림,20대 남성,남성,20대,15.91521,2025,10
2025-11-01,선크림,20대 남성,남성,20대,10.7239,2025,11
2023-01-01,선크림,30대 남성,남성,30대,29.34253,2023,1
2023-02-01,선크림,30대 남성,남성,30대,33.50919,2023,2
2023-03-01,선크림,30대 남성,남성,30대,59.98376,2023,3
2023-04-01,선크림,30대 남성,남성,30대,70.86038,2023,4
2023-05-01,선크림,30대 남성,남성,30대,100.0,2023,5
2023-06-01,선크림,30대 남성,남성,30대,91.07142,2023,6
2023-07-01,선크림,30대 남성,남성,30대,71.92911,2023,7
2023-08-01,선크림,30대 남성,남성,30대,62.79761,2023,8
2023-09-01,선크림,30대 남성,남성,30대,34.87554,2023,9
2023-10-01,선크림,30대 남성,남성,30대,32.12932,2023,10
2023-11-01,선크림,30대 남성,남성,30대,27.96266,2023,11
2023-12-01,선크림,30대 남성,남성,30대,22.34848,2023,12
2024-01-01,선크림,30대 남성,남성,30대,27.88149,2024,1
2024-02-01,선크림,30대 남성,남성,30대,30.47889,2024,2
2024-03-01,선크림,30대 남성,남성,30대,47.99783,2024,3
2024-04-01,선크림,30대 남성,남성,30대,76.69101,2024,4
2024-05-01,선크림,30대 남성,남성,30대,92.00487,2024,5
2024-06-01,선크림,30대 남성,남성,30대,97.67316,2024,6
2024-07-01,선크림,30대 남성,남성,30대,69.94047,2024,7
2024-08-01,선크림,30대 남성,남성,30대,67.62716,2024,8
2024-09-01,선크림,30대 남성,남성,30대,40.08387,2024,9
2024-10-01,선크림,30대 남성,남성,30대,32.75162,2024,10
2024-11-01,선크림,30대 남성,남성,30대,27.89502,2024,11
2024-12-01,선크림,30대 남성,남성,30대,26.04166,2024,12
2025-01-01,선크림,30대 남성,남성,30대,25.37878,2025,1
2025-02-01,선크림,30대 남성,남성,30대,33.80681,2025,2
2025-03-01,선크림,30대 남성,남성,30대,45.3869,2025,3
2025-04-01,선크림,30대 남성,남성,30대,59.92965,2025,4
2025-05-01,선크림,30대 남성,남성,30대,65.40854,2025,5
2025-06-01,선크림,30대 남성,남성,30대,78.85551,2025,6
2025-07-01,선크림,30대 남성,남성,30대,80.04599,2025,7
2025-08-01,선크림,30대 남성,남성,30대,47.94372,2025,8
2025-09-01,선크림,30대 남성,남성,30대,27.32683,2025,9
2025-10-01,선크림,30대 남성,남성,30대,20.25162,2025,10
2025-11-01,선크림,30대 남성,남성,30대,13.78517,2025,11
2023-01-01,선크림,40대 남성,남성,40대,24.25733,2023,1
2023-02-01,선크림,40대 남성,남성,40대,28.15746,2023,2
2023-03-01,선크림,40대 남성,남성,40대,58.72061,2023,3
2023-04-01,선크림,40대 남성,남성,40대,70.43921,2023,4
2023-05-01,선크림,40대 남성,남성,40대,92.65536,2023,5
2023-06-01,선크림,40대 남성,남성,40대,87.38837,2023,6
2023-07-01,선크림,40대 남성,남성,40대,66.35684,2023,7
2023-08-01,선크림,40대 남성,남성,40대,52.88864,2023,8
2023-09-01,선크림,40대 남성,남성,40대,30.43557,2023,9
2023-10-01,선크림,40대 남성,남성,40대,26.84527,2023,10
2023-11-01,선크림,40대 남성,남성,40대,22.68999,2023,11
2023-12-01,선크림,40대 남성,남성,40대,21.1591,2023,12
2024-01-01,선크림,40대 남성,남성,40대,26.17094,2024,1
2024-02-01,선크림,40대 남성,남성,40대,27.64716,2024,2
2024-03-01,선크림,40대 남성,남성,40대,50.811,2024,3
2024-04-01,선크림,40대 남성,남성,40대,80.44468,2024,4
2024-05-01,선크림,40대 남성,남성,40대,100.0,2024,5
2024-06-01,선크림,40대 남성,남성,40대,97.81301,2024,6
2024-07-01,선크림,40대 남성,남성,40대,68.92655,2024,7
2024-08-01,선크림,40대 남성,남성,40대,57.37197,2024,8
2024-09-01,선크림,40대 남성,남성,40대,36.79606,2024,9
2024-10-01,선크림,40대 남성,남성,40대,29.59722,2024,10
2024-11-01,선크림,40대 남성,남성,40대,26.66302,2024,11
2024-12-01,선크림,40대 남성,남성,40대,22.90869,2024,12
2025-01-01,선크림,40대 남성,남성,40대,23.83816,2025,1
2025-02-01,선크림,40대 남성,남성,40대,31.91179,2025,2
2025-03-01,선크림,40대 남성,남성,40대,51.23018,2025,3
2025-04-01,선크림,40대 남성,남성,40대,68.17933,2025,4
2025-05-01,선크림,40대 남성,남성,40대,70.85839,2025,5
2025-06-01,선크림,40대 남성,남성,40대,78.40349,2025,6
2025-07-01,선크림,40대 남성,남성,40대,79.15071,2025,7
2025-08-01,선크림,40대 남성,남성,40대,45.27063,2025,8
2025-09-01,선크림,40대 남성,남성,40대,25.44195,2025,9
2025-10-01,선크림,40대 남성,남성,40대,18.20667,2025,10
2025-11-01,선크림,40대 남성,남성,40대,12.9579,2025,11
2023-01-01,스키장,20대 여성,여성,20대,100.0,2023,1
2023-02-01,스키장,20대 여성,여성,20대,41.1379,2023,2
2023-03-01,스키장,20대 여성,여성,20대,3.64201,2023,3
2023-04-01,스키장,20대 여성,여성,20대,1.11135,2023,4
2023-05-01,스키장,20대 여성,여성,20대,1.27696,2023,5
2023-06-01,스키장,20대 여성,여성,20대,1.52195,2023,6
2023-07-01,스키장,20대 여성,여성,20대,2.27198,2023,7
2023-08-01,스키장,20대 여성,여성,20대,4.18947,2023,8
2023-09-01,스키장,20대 여성,여성,20대,5.15438,2023,9
2023-10-01,스키장,20대 여성,여성,20대,11.22714,2023,10
2023-11-01,스키장,20대 여성,여성,20대,36.85535,2023,11
2023-12-01,스키장,20대 여성,여성,20대,78.25057,2023,12
2024-01-01,스키장,20대 여성,여성,20대,71.05551,2024,1
2024-02-01,스키장,20대 여성,여성,20대,30.4678,2024,2
2024-03-01,스키장,20대 여성,여성,20대,3.57905,2024,3
2024-04-01,스키장,20대 여성,여성,20대,0.99364,2024,4
2024-05-01,스키장,20대 여성,여성,20대,1.0306,2024,5
2024-06-01,스키장,20대 여성,여성,20대,1.34265,2024,6
2024-07-01,스키장,20대 여성,여성,20대,1.87233,2024,7
2024-08-01,스키장,20대 여성,여성,20대,3.49967,2024,8
2024-09-01,스키장,20대 여성,여성,20대,4.51385,2024,9
2024-10-01,스키장,20대 여성,여성,20대,8.78271,2024,10
2024-11-01,스키장,20대 여성,여성,20대,25.2751,2024,11
2024-12-01,스키장,20대 여성,여성,20대,61.76776,2024,12
2025-01-01,스키장,20대 여성,여성,20대,60.24444,2025,1
2025-02-01,스키장,20대 여성,여성,20대,24.07204,2025,2
2025-03-01,스키장,20대 여성,여성,20대,2.82628,2025,3
2025-04-01,스키장,20대 여성,여성,20대,0.71033,2025,4
2025-05-01,스키장,20대 여성,여성,20대,0.8253,2025,5
2025-06-01,스키장,20대 여성,여성,20대,0.92795,2025,6
2025-07-01,스키장,20대 여성,여성,20대,1.39193,2025,7
2025-08-01,스키장,20대 여성,여성,20대,2.13374,2025,8
2025-09-01,스키장,20대 여성,여성,20대,2.72774,2025,9
2025-10-01,스키장,20대 여성,여성,20대,5.40211,2025,10
2025-11-01,스키장,20대 여성,여성,20대,8.78134,2025,11
2023-01-01,스키장,30대 여성,여성,30대,100.0,2023,1
2023-02-01,스키장,30대 여성,여성,30대,43.41515,2023,2
2023-03-01,스키장,30대 여성,여성,30대,5.41301,2023,3
2023-04-01,스키장,30대 여성,여성,30대,1.65761,2023,4
2023-05-01,스키장,30대 여성,여성,30대,1.56243,2023,5
2023-06-01,스키장,30대 여성,여성,30대,2.25641,2023,6
2023-07-01,스키장,30대 여성,여성,30대,2.24451,2023,7
2023-08-01,스키장,30대 여성,여성,30대,3.80299,2023,8
2023-09-01,스키장,30대 여성,여성,30대,5.17904,2023,9
2023-10-01,스키장,30대 여성,여성,30대,11.80552,2023,10
2023-11-01,스키장,30대 여성,여성,30대,41.05563,2023,11
2023-12-01,스키장,30대 여성,여성,30대,94.67026,2023,12
2024-01-01,스키장,30대 여성,여성,30대,80.44176,2024,1
2024-02-01,스키장,30대 여성,여성,30대,34.71467,2024,2
2024-03-01,스키장,30대 여성,여성,30대,4.30661,2024,3
2024-04-01,스키장,30대 여성,여성,30대,1.29277,2024,4
2024-05-01,스키장,30대 여성,여성,30대,1.43553,2024,5
2024-06-01,스키장,30대 여성,여성,30대,1.73692,2024,6
2024-07-01,스키장,30대 여성,여성,30대,2.16124,2024,7
2024-08-01,스키장,30대 여성,여성,30대,3.51746,2024,8
2024-09-01,스키장,30대 여성,여성,30대,4.74283,2024,9
2024-10-01,스키장,30대 여성,여성,30대,10.01705,2024,10
2024-11-01,스키장,30대 여성,여성,30대,31.28841,2024,11
2024-12-01,스키장,30대 여성,여성,30대,78.58587,2024,12
2025-01-01,스키장,30대 여성,여성,30대,79.17278,2025,1
2025-02-01,스키장,30대 여성,여성,30대,30.90375,2025,2
2025-03-01,스키장,30대 여성,여성,30대,4.37799,2025,3
2025-04-01,스키장,30대 여성,여성,30대,1.14208,2025,4
2025-05-01,스키장,30대 여성,여성,30대,1.37605,2025,5
2025-06-01,스키장,30대 여성,여성,30대,1.38795,2025,6
2025-07-01,스키장,30대 여성,여성,30대,1.73692,2025,7
2025-08-01,스키장,30대 여성,여성,30대,2.78383,2025,8
2025-09-01,스키장,30대 여성,여성,30대,3.56902,2025,9
2025-10-01,스키장,30대 여성,여성,30대,6.47975,2025,10
2025-11-01,스키장,30대 여성,여성,30대,10.77844,2025,11
2023-01-01,스키장,40대 여성,여성,40대,100.0,2023,1
2023-02-01,스키장,40대 여성,여성,40대,46.03972,2023,2
2023-03-01,스키장,40대 여성,여성,40대,4.73153,2023,3
2023-04-01,스키장,40대 여성,여성,40대,1.54598,2023,4
2023-05-01,스키장,40대 여성,여성,40대,1.46972,2023,5
2023-06-01,스키장,40대 여성,여성,40대,1.74009,2023,6
2023-07-01,스키장,40대 여성,여성,40대,1.80248,2023,7
2023-08-01,스키장,40대 여성,여성,40대,2.9845,2023,8
2023-09-01,스키장,40대 여성,여성,40대,3.6431,2023,9
2023-10-01,스키장,40대 여성,여성,40대,8.24292,2023,10
2023-11-01,스키장,40대 여성,여성,40대,27.55381,2023,11
2023-12-01,스키장,40대 여성,여성,40대,77.0148,2023,12
2024-01-01,스키장,40대 여성,여성,40대,80.56778,2024,1
2024-02-01,스키장,40대 여성,여성,40대,35.40157,2024,2
2024-03-01,스키장,40대 여성,여성,40대,3.7055,2024,3
2024-04-01,스키장,40대 여성,여성,40대,1.07802,2024,4
2024-05-01,스키장,40대 여성,여성,40대,1.2652,2024,5
2024-06-01,스키장,40대 여성,여성,40대,1.26867,2024,6
2024-07-01,스키장,40대 여성,여성,40대,1.84061,2024,7
2024-08-01,스키장,40대 여성,여성,40대,2.66213,2024,8
2024-09-01,스키장,40대 여성,여성,40대,3.44899,2024,9
2024-10-01,스키장,40대 여성,여성,40대,6.29484,2024,10
2024-11-01,스키장,40대 여성,여성,40대,20.94006,2024,11
2024-12-01,스키장,40대 여성,여성,40대,62.53942,2024,12
2025-01-01,스키장,40대 여성,여성,40대,74.10308,2025,1
2025-02-01,스키장,40대 여성,여성,40대,34.25422,2025,2
2025-03-01,스키장,40대 여성,여성,40대,4.11452,2025,3
2025-04-01,스키장,40대 여성,여성,40대,1.17855,2025,4
2025-05-01,스키장,40대 여성,여성,40대,1.24441,2025,5
2025-06-01,스키장,40대 여성,여성,40대,1.39346,2025,6
2025-07-01,스키장,40대 여성,여성,40대,1.95847,2025,7
2025-08-01,스키장,40대 여성,여성,40대,2.30163,2025,8
2025-09-01,스키장,40대 여성,여성,40대,3.0053,2025,9
2025-10-01,스키장,40대 여성,여성,40대,4.76273,2025,10
2025-11-01,스키장,40대 여성,여성,40대,7.32434,2025,11
2023-01-01,스키장,20대 남성,남성,20대,100.0,2023,1
2023-02-01,스키장,20대 남성,남성,20대,42.35808,2023,2
2023-03-01,스키장,20대 남성,남성,20대,4.62076,2023,3
2023-04-01,스키장,20대 남성,남성,20대,1.17188,2023,4
2023-05-01,스키장,20대 남성,남성,20대,1.39926,2023,5
2023-06-01,스키장,20대 남성,남성,20대,1.45492,2023,6
2023-07-01,스키장,20대 남성,남성,20대,2.17999,2023,7
2023-08-01,스키장,20대 남성,남성,20대,3.69852,2023,8
2023-09-01,스키장,20대 남성,남성,20대,4.6955,2023,9
2023-10-01,스키장,20대 남성,남성,20대,11.08443,2023,10
2023-11-01,스키장,20대 남성,남성,20대,39.84576,2023,11
2023-12-01,스키장,20대 남성,남성,20대,92.96231,2023,12
2024-01-01,스키장,20대 남성,남성,20대,71.00492,2024,1
2024-02-01,스키장,20대 남성,남성,20대,31.96851,2024,2
2024-03-01,스키장,20대 남성,남성,20대,4.96104,2024,3
2024-04-01,스키장,20대 남성,남성,20대,0.99379,2024,4
2024-05-01,스키장,20대 남성,남성,20대,1.13531,2024,5
2024-06-01,스키장,20대 남성,남성,20대,1.31181,2024,6
2024-07-01,스키장,20대 남성,남성,20대,1.95897,2024,7
2024-08-01,스키장,20대 남성,남성,20대,3.25647,2024,8
2024-09-01,스키장,20대 남성,남성,20대,4.3425,2024,9
2024-10-01,스키장,20대 남성,남성,20대,8.96326,2024,10
2024-11-01,스키장,20대 남성,남성,20대,27.35888,2024,11
2024-12-01,스키장,20대 남성,남성,20대,70.30688,2024,12
2025-01-01,스키장,20대 남성,남성,20대,58.48465,2025,1
2025-02-01,스키장,20대 남성,남성,20대,24.20098,2025,2
2025-03-01,스키장,20대 남성,남성,20대,3.59993,2025,3
2025-04-01,스키장,20대 남성,남성,20대,0.7044,2025,4
2025-05-01,스키장,20대 남성,남성,20대,0.78708,2025,5
2025-06-01,스키장,20대 남성,남성,20대,0.89203,2025,6
2025-07-01,스키장,20대 남성,남성,20대,1.32453,2025,7
2025-08-01,스키장,20대 남성,남성,20대,2.02416,2025,8
2025-09-01,스키장,20대 남성,남성,20대,2.75401,2025,9
2025-10-01,스키장,20대 남성,남성,20대,5.67657,2025,10
2025-11-01,스키장,20대 남성,남성,20대,9.63905,2025,11
2023-01-01,스키장,30대 남성,남성,30대,100.0,2023,1
2023-02-01,스키장,30대 남성,남성,30대,42.21172,2023,2
2023-03-01,스키장,30대 남성,남성,30대,5.72611,2023,3
2023-04-01,스키장,30대 남성,남성,30대,1.48543,2023,4
2023-05-01,스키장,30대 남성,남성,30대,1.58811,2023,5
2023-06-01,스키장,30대 남성,남성,30대,2.06728,2023,6
2023-07-01,스키장,30대 남성,남성,30대,2.36506,2023,7
2023-08-01,스키장,30대 남성,남성,30대,3.65198,2023,8
2023-09-01,스키장,30대 남성,남성,30대,5.3462,2023,9
2023-10-01,스키장,30대 남성,남성,30대,10.65475,2023,10
2023-11-01,스키장,30대 남성,남성,30대,43.09477,2023,11
2023-12-01,스키장,30대 남성,남성,30대,98.83287,2023,12
2024-01-01,스키장,30대 남성,남성,30대,74.21022,2024,1
2024-02-01,스키장,30대 남성,남성,30대,32.79597,2024,2
2024-03-01,스키장,30대 남성,남성,30대,5.87671,2024,3
2024-04-01,스키장,30대 남성,남성,30대,1.45805,2024,4
2024-05-01,스키장,30대 남성,남성,30대,1.45805,2024,5
2024-06-01,스키장,30대 남성,남성,30대,1.58469,2024,6
2024-07-01,스키장,30대 남성,남성,30대,2.17681,2024,7
2024-08-01,스키장,30대 남성,남성,30대,3.27206,2024,8
2024-09-01,스키장,30대 남성,남성,30대,4.83964,2024,9
2024-10-01,스키장,30대 남성,남성,30대,8.76544,2024,10
2024-11-01,스키장,30대 남성,남성,30대,32.05325,2024,11
2024-12-01,스키장,30대 남성,남성,30대,76.57528,2024,12
2025-01-01,스키장,30대 남성,남성,30대,67.94674,2025,1
2025-02-01,스키장,30대 남성,남성,30대,29.67108,2025,2
2025-03-01,스키장,30대 남성,남성,30대,5.05869,2025,3
2025-04-01,스키장,30대 남성,남성,30대,1.0576,2025,4
2025-05-01,스키장,30대 남성,남성,30대,1.21504,2025,5
2025-06-01,스키장,30대 남성,남성,30대,1.18424,2025,6
2025-07-01,스키장,30대 남성,남성,30대,1.6463,2025,7
2025-08-01,스키장,30대 남성,남성,30대,2.7347,2025,8
2025-09-01,스키장,30대 남성,남성,30대,3.05301,2025,9
2025-10-01,스키장,30대 남성,남성,30대,6.18133,2025,10
2025-11-01,스키장,30대 남성,남성,30대,10.18585,2025,11
2023-01-01,스키장,40대 남성,남성,40대,98.09757,2023,1
2023-02-01,스키장,40대 남성,남성,40대,43.01933,2023,2
2023-03-01,스키장,40대 남성,남성,40대,6.11128,2023,3
2023-04-01,스키장,40대 남성,남성,40대,1.76945,2023,4
2023-05-01,스키장,40대 남성,남성,40대,1.84616,2023,5
2023-06-01,스키장,40대 남성,남성,40대,2.16324,2023,6
2023-07-01,스키장,40대 남성,남성,40대,2.29109,2023,7
2023-08-01,스키장,40대 남성,남성,40대,3.59005,2023,8
2023-09-01,스키장,40대 남성,남성,40대,4.44921,2023,9
2023-10-01,스키장,40대 남성,남성,40대,9.37404,2023,10
2023-11-01,스키장,40대 남성,남성,40대,39.16845,2023,11
2023-12-01,스키장,40대 남성,남성,40대,100.0,2023,12
2024-01-01,스키장,40대 남성,남성,40대,83.44584,2024,1
2024-02-01,스키장,40대 남성,남성,40대,38.43203,2024,2
2024-03-01,스키장,40대 남성,남성,40대,5.71238,2024,3
2024-04-01,스키장,40대 남성,남성,40대,1.6416,2024,4
2024-05-01,스키장,40대 남성,남성,40대,1.749,2024,5
2024-06-01,스키장,40대 남성,남성,40대,1.97913,2024,6
2024-07-01,스키장,40대 남성,남성,40대,2.16835,2024,7
2024-08-01,스키장,40대 남성,남성,40대,3.00705,2024,8
2024-09-01,스키장,40대 남성,남성,40대,4.34693,2024,9
2024-10-01,스키장,40대 남성,남성,40대,7.9779,2024,10
2024-11-01,스키장,40대 남성,남성,40대,30.29559,2024,11
2024-12-01,스키장,40대 남성,남성,40대,75.98445,2024,12
2025-01-01,스키장,40대 남성,남성,40대,77.99938,2025,1
2025-02-01,스키장,40대 남성,남성,40대,37.0001,2025,2
2025-03-01,스키장,40대 남성,남성,40대,5.80955,2025,3
2025-04-01,스키장,40대 남성,남성,40대,1.48307,2025,4
2025-05-01,스키장,40대 남성,남성,40대,1.33476,2025,5
2025-06-01,스키장,40대 남성,남성,40대,1.59046,2025,6
2025-07-01,스키장,40대 남성,남성,40대,2.10698,2025,7
2025-08-01,스키장,40대 남성,남성,40대,2.99682,2025,8
2025-09-01,스키장,40대 남성,남성,40대,3.70256,2025,9
2025-10-01,스키장,40대 남성,남성,40대,6.07548,2025,10
2025-11-01,스키장,40대 남성,남성,40대,9.08765,2025,11
2023-01-01,스키,20대 여성,여성,20대,100.0,2023,1
2023-02-01,스키,20대 여성,여성,20대,72.9211,2023,2
2023-03-01,스키,20대 여성,여성,20대,17.78251,2023,3
2023-04-01,스키,20대 여성,여성,20대,16.10518,2023,4
2023-05-01,스키,20대 여성,여성,20대,14.6695,2023,5
2023-06-01,스키,20대 여성,여성,20대,14.29992,2023,6
2023-07-01,스키,20대 여성,여성,20대,14.99644,2023,7
2023-08-01,스키,20대 여성,여성,20대,16.1194,2023,8
2023-09-01,스키,20대 여성,여성,20대,17.42714,2023,9
2023-10-01,스키,20대 여성,여성,20대,24.50604,2023,10
2023-11-01,스키,20대 여성,여성,20대,42.34541,2023,11
2023-12-01,스키,20대 여성,여성,20대,75.02487,2023,12
2024-01-01,스키,20대 여성,여성,20대,77.3845,2024,1
2024-02-01,스키,20대 여성,여성,20대,39.55934,2024,2
2024-03-01,스키,20대 여성,여성,20대,13.51812,2024,3
2024-04-01,스키,20대 여성,여성,20대,9.16844,2024,4
2024-05-01,스키,20대 여성,여성,20대,9.59488,2024,5
2024-06-01,스키,20대 여성,여성,20대,8.89836,2024,6
2024-07-01,스키,20대 여성,여성,20대,11.51385,2024,7
2024-08-01,스키,20대 여성,여성,20대,55.62189,2024,8
2024-09-01,스키,20대 여성,여성,20대,18.6496,2024,9
2024-10-01,스키,20대 여성,여성,20대,23.53944,2024,10
2024-11-01,스키,20대 여성,여성,20대,52.39516,2024,11
2024-12-01,스키,20대 여성,여성,20대,61.67732,2024,12
2025-01-01,스키,20대 여성,여성,20대,65.828,2025,1
2025-02-01,스키,20대 여성,여성,20대,39.70149,2025,2
2025-03-01,스키,20대 여성,여성,20대,9.87917,2025,3
2025-04-01,스키,20대 여성,여성,20대,7.84648,2025,4
2025-05-01,스키,20대 여성,여성,20대,7.96019,2025,5
2025-06-01,스키,20대 여성,여성,20대,7.0931,2025,6
2025-07-01,스키,20대 여성,여성,20대,8.08813,2025,7
2025-08-01,스키,20대 여성,여성,20대,10.56147,2025,8
2025-09-01,스키,20대 여성,여성,20대,10.17768,2025,9
2025-10-01,스키,20대 여성,여성,20대,14.65529,2025,10
2025-11-01,스키,20대 여성,여성,20대,15.87775,2025,11
2023-01-01,스키,30대 여성,여성,30대,99.31553,2023,1
2023-02-01,스키,30대 여성,여성,30대,57.15263,2023,2
2023-03-01,스키,30대 여성,여성,30대,15.30914,2023,3
2023-04-01,스키,30대 여성,여성,30대,12.45722,2023,4
2023-05-01,스키,30대 여성,여성,30대,13.27857,2023,5
2023-06-01,스키,30대 여성,여성,30대,12.86789,2023,6
2023-07-01,스키,30대 여성,여성,30대,14.25963,2023,7
2023-08-01,스키,30대 여성,여성,30대,17.56787,2023,8
2023-09-01,스키,30대 여성,여성,30대,19.53,2023,9
2023-10-01,스키,30대 여성,여성,30대,24.13871,2023,10
2023-11-01,스키,30대 여성,여성,30대,48.91626,2023,11
2023-12-01,스키,30대 여성,여성,30대,100.0,2023,12
2024-01-01,스키,30대 여성,여성,30대,99.47524,2024,1
2024-02-01,스키,30대 여성,여성,30대,46.29249,2024,2
2024-03-01,스키,30대 여성,여성,30대,14.96691,2024,3
2024-04-01,스키,30대 여성,여성,30대,11.59023,2024,4
2024-05-01,스키,30대 여성,여성,30대,11.38489,2024,5
2024-06-01,스키,30대 여성,여성,30대,10.40383,2024,6
2024-07-01,스키,30대 여성,여성,30대,13.89459,2024,7
2024-08-01,스키,30대 여성,여성,30대,42.11727,2024,8
2024-09-01,스키,30대 여성,여성,30대,23.56833,2024,9
2024-10-01,스키,30대 여성,여성,30대,24.91444,2024,10
2024-11-01,스키,30대 여성,여성,30대,68.90257,2024,11
2024-12-01,스키,30대 여성,여성,30대,78.27971,2024,12
2025-01-01,스키,30대 여성,여성,30대,83.75541,2025,1
2025-02-01,스키,30대 여성,여성,30대,51.08373,2025,2
2025-03-01,스키,30대 여성,여성,30대,12.11498,2025,3
2025-04-01,스키,30대 여성,여성,30대,9.12616,2025,4
2025-05-01,스키,30대 여성,여성,30대,9.3315,2025,5
2025-06-01,스키,30대 여성,여성,30대,9.26306,2025,6
2025-07-01,스키,30대 여성,여성,30대,10.0616,2025,7
2025-08-01,스키,30대 여성,여성,30대,13.27857,2025,8
2025-09-01,스키,30대 여성,여성,30대,14.16837,2025,9
2025-10-01,스키,30대 여성,여성,30대,16.56399,2025,10
2025-11-01,스키,30대 여성,여성,30대,18.11544,2025,11
2023-01-01,스키,40대 여성,여성,40대,100.0,2023,1
2023-02-01,스키,40대 여성,여성,40대,56.63377,2023,2
2023-03-01,스키,40대 여성,여성,40대,11.69133,2023,3
2023-04-01,스키,40대 여성,여성,40대,9.14199,2023,4
2023-05-01,스키,40대 여성,여성,40대,8.41557,2023,5
2023-06-01,스키,40대 여성,여성,40대,9.00493,2023,6
2023-07-01,스키,40대 여성,여성,40대,8.99122,2023,7
2023-08-01,스키,40대 여성,여성,40대,11.37609,2023,8
2023-09-01,스키,40대 여성,여성,40대,13.45942,2023,9
2023-10-01,스키,40대 여성,여성,40대,18.83223,2023,10
2023-11-01,스키,40대 여성,여성,40대,34.86842,2023,11
2023-12-01,스키,40대 여성,여성,40대,78.72807,2023,12
2024-01-01,스키,40대 여성,여성,40대,88.69243,2024,1
2024-02-01,스키,40대 여성,여성,40대,39.45997,2024,2
2024-03-01,스키,40대 여성,여성,40대,10.45778,2024,3
2024-04-01,스키,40대 여성,여성,40대,7.63432,2024,4
2024-05-01,스키,40대 여성,여성,40대,7.07236,2024,5
2024-06-01,스키,40대 여성,여성,40대,7.53837,2024,6
2024-07-01,스키,40대 여성,여성,40대,8.16885,2024,7
2024-08-01,스키,40대 여성,여성,40대,21.20339,2024,8
2024-09-01,스키,40대 여성,여성,40대,14.48739,2024,9
2024-10-01,스키,40대 여성,여성,40대,17.05043,2024,10
2024-11-01,스키,40대 여성,여성,40대,39.02138,2024,11
2024-12-01,스키,40대 여성,여성,40대,63.80208,2024,12
2025-01-01,스키,40대 여성,여성,40대,70.69627,2025,1
2025-02-01,스키,40대 여성,여성,40대,44.31195,2025,2
2025-03-01,스키,40대 여성,여성,40대,9.8273,2025,3
2025-04-01,스키,40대 여성,여성,40대,6.12664,2025,4
2025-05-01,스키,40대 여성,여성,40대,6.18146,2025,5
2025-06-01,스키,40대 여성,여성,40대,6.23629,2025,6
2025-07-01,스키,40대 여성,여성,40대,6.74342,2025,7
2025-08-01,스키,40대 여성,여성,40대,8.9501,2025,8
2025-09-01,스키,40대 여성,여성,40대,9.89583,2025,9
2025-10-01,스키,40대 여성,여성,40대,12.66447,2025,10
2025-11-01,스키,40대 여성,여성,40대,11.95175,2025,11
2023-01-01,스키,20대 남성,남성,20대,100.0,2023,1
2023-02-01,스키,20대 남성,남성,20대,56.78146,2023,2
2023-03-01,스키,20대 남성,남성,20대,12.71133,2023,3
2023-04-01,스키,20대 남성,남성,20대,8.79148,2023,4
2023-05-01,스키,20대 남성,남성,20대,8.71634,2023,5
2023-06-01,스키,20대 남성,남성,20대,8.19035,2023,6
2023-07-01,스키,20대 남성,남성,20대,8.3782,2023,7
2023-08-01,스키,20대 남성,남성,20대,10.44458,2023,8
2023-09-01,스키,20대 남성,남성,20대,13.70068,2023,9
2023-10-01,스키,20대 남성,남성,20대,18.10895,2023,10
2023-11-01,스키,20대 남성,남성,20대,35.75453,2023,11
2023-12-01,스키,20대 남성,남성,20대,76.56856,2023,12
2024-01-01,스키,20대 남성,남성,20대,71.60926,2024,1
2024-02-01,스키,20대 남성,남성,20대,33.98872,2024,2
2024-03-01,스키,20대 남성,남성,20대,9.66812,2024,3
2024-04-01,스키,20대 남성,남성,20대,6.68753,2024,4
2024-05-01,스키,20대 남성,남성,20대,6.44959,2024,5
2024-06-01,스키,20대 남성,남성,20대,6.49968,2024,6
2024-07-01,스키,20대 남성,남성,20대,7.58922,2024,7
2024-08-01,스키,20대 남성,남성,20대,33.63807,2024,8
2024-09-01,스키,20대 남성,남성,20대,12.93675,2024,9
2024-10-01,스키,20대 남성,남성,20대,18.59737,2024,10
2024-11-01,스키,20대 남성,남성,20대,32.92423,2024,11
2024-12-01,스키,20대 남성,남성,20대,63.24358,2024,12
2025-01-01,스키,20대 남성,남성,20대,59.16092,2025,1
2025-02-01,스키,20대 남성,남성,20대,33.03694,2025,2
2025-03-01,스키,20대 남성,남성,20대,8.02755,2025,3
2025-04-01,스키,20대 남성,남성,20대,4.77144,2025,4
2025-05-01,스키,20대 남성,남성,20대,4.88415,2025,5
2025-06-01,스키,20대 남성,남성,20대,5.03443,2025,6
2025-07-01,스키,20대 남성,남성,20대,5.24733,2025,7
2025-08-01,스키,20대 남성,남성,20대,7.02567,2025,8
2025-09-01,스키,20대 남성,남성,20대,8.74139,2025,9
2025-10-01,스키,20대 남성,남성,20대,11.95992,2025,10
2025-11-01,스키,20대 남성,남성,20대,12.89918,2025,11
2023-01-01,스키,30대 남성,남성,30대,100.0,2023,1
2023-02-01,스키,30대 남성,남성,30대,56.04252,2023,2
2023-03-01,스키,30대 남성,남성,30대,14.16793,2023,3
2023-04-01,스키,30대 남성,남성,30대,9.39466,2023,4
2023-05-01,스키,30대 남성,남성,30대,10.24083,2023,5
2023-06-01,스키,30대 남성,남성,30대,10.65307,2023,6
2023-07-01,스키,30대 남성,남성,30대,10.56628,2023,7
2023-08-01,스키,30대 남성,남성,30대,15.14428,2023,8
2023-09-01,스키,30대 남성,남성,30대,16.07724,2023,9
2023-10-01,스키,30대 남성,남성,30대,23.54089,2023,10
2023-11-01,스키,30대 남성,남성,30대,40.83315,2023,11
2023-12-01,스키,30대 남성,남성,30대,80.77674,2023,12
2024-01-01,스키,30대 남성,남성,30대,84.09633,2024,1
2024-02-01,스키,30대 남성,남성,30대,38.62009,2024,2
2024-03-01,스키,30대 남성,남성,30대,14.53677,2024,3
2024-04-01,스키,30대 남성,남성,30대,7.68062,2024,4
2024-05-01,스키,30대 남성,남성,30대,8.26643,2024,5
2024-06-01,스키,30대 남성,남성,30대,8.13625,2024,6
2024-07-01,스키,30대 남성,남성,30대,9.1126,2024,7
2024-08-01,스키,30대 남성,남성,30대,31.87242,2024,8
2024-09-01,스키,30대 남성,남성,30대,16.3376,2024,9
2024-10-01,스키,30대 남성,남성,30대,22.10891,2024,10
2024-11-01,스키,30대 남성,남성,30대,43.91408,2024,11
2024-12-01,스키,30대 남성,남성,30대,64.52592,2024,12
2025-01-01,스키,30대 남성,남성,30대,68.97374,2025,1
2025-02-01,스키,30대 남성,남성,30대,38.92384,2025,2
2025-03-01,스키,30대 남성,남성,30대,10.47949,2025,3
2025-04-01,스키,30대 남성,남성,30대,6.33543,2025,4
2025-05-01,스키,30대 남성,남성,30대,6.4873,2025,5
2025-06-01,스키,30대 남성,남성,30대,7.02972,2025,6
2025-07-01,스키,30대 남성,남성,30대,7.29008,2025,7
2025-08-01,스키,30대 남성,남성,30대,8.80885,2025,8
2025-09-01,스키,30대 남성,남성,30대,11.36906,2025,9
2025-10-01,스키,30대 남성,남성,30대,13.21327,2025,10
2025-11-01,스키,30대 남성,남성,30대,13.90757,2025,11
2023-01-01,스키,40대 남성,남성,40대,100.0,2023,1
2023-02-01,스키,40대 남성,남성,40대,55.58743,2023,2
2023-03-01,스키,40대 남성,남성,40대,14.70854,2023,3
2023-04-01,스키,40대 남성,남성,40대,7.21836,2023,4
2023-05-01,스키,40대 남성,남성,40대,8.29054,2023,5
2023-06-01,스키,40대 남성,남성,40대,8.44155,2023,6
2023-07-01,스키,40대 남성,남성,40대,9.52884,2023,7
2023-08-01,스키,40대 남성,남성,40대,14.18,2023,8
2023-09-01,스키,40대 남성,남성,40대,17.39655,2023,9
2023-10-01,스키,40대 남성,남성,40대,23.98067,2023,10
2023-11-01,스키,40대 남성,남성,40대,39.68589,2023,11
2023-12-01,스키,40대 남성,남성,40대,74.14678,2023,12
2024-01-01,스키,40대 남성,남성,40대,84.30987,2024,1
2024-02-01,스키,40대 남성,남성,40대,40.39565,2024,2
2024-03-01,스키,40대 남성,남성,40대,15.14648,2024,3
2024-04-01,스키,40대 남성,남성,40대,6.87103,2024,4
2024-05-01,스키,40대 남성,남성,40대,6.32739,2024,5
2024-06-01,스키,40대 남성,남성,40대,8.92479,2024,6
2024-07-01,스키,40대 남성,남성,40대,9.0456,2024,7
2024-08-01,스키,40대 남성,남성,40대,19.87315,2024,8
2024-09-01,스키,40대 남성,남성,40대,17.80428,2024,9
2024-10-01,스키,40대 남성,남성,40대,20.14497,2024,10
2024-11-01,스키,40대 남성,남성,40대,33.93234,2024,11
2024-12-01,스키,40대 남성,남성,40대,61.11446,2024,12
2025-01-01,스키,40대 남성,남성,40대,71.09634,2025,1
2025-02-01,스키,40대 남성,남성,40대,43.76321,2025,2
2025-03-01,스키,40대 남성,남성,40대,12.60948,2025,3
2025-04-01,스키,40대 남성,남성,40대,5.43642,2025,4
2025-05-01,스키,40대 남성,남성,40대,5.1797,2025,5
2025-06-01,스키,40대 남성,남성,40대,5.1797,2025,6
2025-07-01,스키,40대 남성,남성,40대,7.02204,2025,7
2025-08-01,스키,40대 남성,남성,40대,9.87617,2025,8
2025-09-01,스키,40대 남성,남성,40대,12.41316,2025,9
2025-10-01,스키,40대 남성,남성,40대,14.78405,2025,10
2025-11-01,스키,40대 남성,남성,40대,13.59106,2025,11
2023-01-01,스노우보드,20대 여성,여성,20대,100.0,2023,1
2023-02-01,스노우보드,20대 여성,여성,20대,62.44396,2023,2
2023-03-01,스노우보드,20대 여성,여성,20대,36.39382,2023,3
2023-04-01,스노우보드,20대 여성,여성,20대,19.90702,2023,4
2023-05-01,스노우보드,20대 여성,여성,20대,17.0347,2023,5
2023-06-01,스노우보드,20대 여성,여성,20대,15.90569,2023,6
2023-07-01,스노우보드,20대 여성,여성,20대,9.81238,2023,7
2023-08-01,스노우보드,20대 여성,여성,20대,14.26199,2023,8
2023-09-01,스노우보드,20대 여성,여성,20대,30.2341,2023,9
2023-10-01,스노우보드,20대 여성,여성,20대,31.8944,2023,10
2023-11-01,스노우보드,20대 여성,여성,20대,43.16785,2023,11
2023-12-01,스노우보드,20대 여성,여성,20대,74.97924,2023,12
2024-01-01,스노우보드,20대 여성,여성,20대,82.35098,2024,1
2024-02-01,스노우보드,20대 여성,여성,20대,46.173,2024,2
2024-03-01,스노우보드,20대 여성,여성,20대,26.66445,2024,3
2024-04-01,스노우보드,20대 여성,여성,20대,16.30416,2024,4
2024-05-01,스노우보드,20대 여성,여성,20대,13.7473,2024,5
2024-06-01,스노우보드,20대 여성,여성,20대,12.93375,2024,6
2024-07-01,스노우보드,20대 여성,여성,20대,8.84941,2024,7
2024-08-01,스노우보드,20대 여성,여성,20대,13.14959,2024,8
2024-09-01,스노우보드,20대 여성,여성,20대,24.78831,2024,9
2024-10-01,스노우보드,20대 여성,여성,20대,25.03735,2024,10
2024-11-01,스노우보드,20대 여성,여성,20대,32.79096,2024,11
2024-12-01,스노우보드,20대 여성,여성,20대,61.09912,2024,12
2025-01-01,스노우보드,20대 여성,여성,20대,56.40046,2025,1
2025-02-01,스노우보드,20대 여성,여성,20대,39.71442,2025,2
2025-03-01,스노우보드,20대 여성,여성,20대,25.18678,2025,3
2025-04-01,스노우보드,20대 여성,여성,20대,20.18927,2025,4
2025-05-01,스노우보드,20대 여성,여성,20대,16.88527,2025,5
2025-06-01,스노우보드,20대 여성,여성,20대,16.00531,2025,6
2025-07-01,스노우보드,20대 여성,여성,20대,7.7204,2025,7
2025-08-01,스노우보드,20대 여성,여성,20대,8.68338,2025,8
2025-09-01,스노우보드,20대 여성,여성,20대,21.10244,2025,9
2025-10-01,스노우보드,20대 여성,여성,20대,19.32591,2025,10
2025-11-01,스노우보드,20대 여성,여성,20대,14.56085,2025,11
2023-01-01,스노우보드,30대 여성,여성,30대,100.0,2023,1
2023-02-01,스노우보드,30대 여성,여성,30대,69.2468,2023,2
2023-03-01,스노우보드,30대 여성,여성,30대,35.86135,2023,3
2023-04-01,스노우보드,30대 여성,여성,30대,12.97888,2023,4
2023-05-01,스노우보드,30대 여성,여성,30대,10.26843,2023,5
2023-06-01,스노우보드,30대 여성,여성,30대,11.80609,2023,6
2023-07-01,스노우보드,30대 여성,여성,30대,10.58118,2023,7
2023-08-01,스노우보드,30대 여성,여성,30대,13.73468,2023,8
2023-09-01,스노우보드,30대 여성,여성,30대,17.43549,2023,9
2023-10-01,스노우보드,30대 여성,여성,30대,24.52436,2023,10
2023-11-01,스노우보드,30대 여성,여성,30대,40.08339,2023,11
2023-12-01,스노우보드,30대 여성,여성,30대,76.85691,2023,12
2024-01-01,스노우보드,30대 여성,여성,30대,88.11571,2024,1
2024-02-01,스노우보드,30대 여성,여성,30대,43.47146,2024,2
2024-03-01,스노우보드,30대 여성,여성,30대,12.64008,2024,3
2024-04-01,스노우보드,30대 여성,여성,30대,7.4798,2024,4
2024-05-01,스노우보드,30대 여성,여성,30대,7.40161,2024,5
2024-06-01,스노우보드,30대 여성,여성,30대,8.70471,2024,6
2024-07-01,스노우보드,30대 여성,여성,30대,8.65259,2024,7
2024-08-01,스노우보드,30대 여성,여성,30대,12.77039,2024,8
2024-09-01,스노우보드,30대 여성,여성,30대,16.91425,2024,9
2024-10-01,스노우보드,30대 여성,여성,30대,19.23377,2024,10
2024-11-01,스노우보드,30대 여성,여성,30대,28.19911,2024,11
2024-12-01,스노우보드,30대 여성,여성,30대,63.33072,2024,12
2025-01-01,스노우보드,30대 여성,여성,30대,63.14829,2025,1
2025-02-01,스노우보드,30대 여성,여성,30대,51.08157,2025,2
2025-03-01,스노우보드,30대 여성,여성,30대,10.11206,2025,3
2025-04-01,스노우보드,30대 여성,여성,30대,5.99426,2025,4
2025-05-01,스노우보드,30대 여성,여성,30대,5.2124,2025,5
2025-06-01,스노우보드,30대 여성,여성,30대,6.43732,2025,6
2025-07-01,스노우보드,30대 여성,여성,30대,6.35913,2025,7
2025-08-01,스노우보드,30대 여성,여성,30대,8.67865,2025,8
2025-09-01,스노우보드,30대 여성,여성,30대,11.72791,2025,9
2025-10-01,스노우보드,30대 여성,여성,30대,13.89106,2025,10
2025-11-01,스노우보드,30대 여성,여성,30대,10.26843,2025,11
2023-01-01,스노우보드,40대 여성,여성,40대,100.0,2023,1
2023-02-01,스노우보드,40대 여성,여성,40대,74.42403,2023,2
2023-03-01,스노우보드,40대 여성,여성,40대,51.00612,2023,3
2023-04-01,스노우보드,40대 여성,여성,40대,15.4564,2023,4
2023-05-01,스노우보드,40대 여성,여성,40대,10.20705,2023,5
2023-06-01,스노우보드,40대 여성,여성,40대,11.72353,2023,6
2023-07-01,스노우보드,40대 여성,여성,40대,10.52785,2023,7
2023-08-01,스노우보드,40대 여성,여성,40대,13.29833,2023,8
2023-09-01,스노우보드,40대 여성,여성,40대,14.31904,2023,9
2023-10-01,스노우보드,40대 여성,여성,40대,19.86001,2023,10
2023-11-01,스노우보드,40대 여성,여성,40대,32.42927,2023,11
2023-12-01,스노우보드,40대 여성,여성,40대,74.68649,2023,12
2024-01-01,스노우보드,40대 여성,여성,40대,95.50889,2024,1
2024-02-01,스노우보드,40대 여성,여성,40대,47.68153,2024,2
2024-03-01,스노우보드,40대 여성,여성,40대,13.26917,2024,3
2024-04-01,스노우보드,40대 여성,여성,40대,7.75736,2024,4
2024-05-01,스노우보드,40대 여성,여성,40대,8.34062,2024,5
2024-06-01,스노우보드,40대 여성,여성,40대,7.93234,2024,6
2024-07-01,스노우보드,40대 여성,여성,40대,9.59463,2024,7
2024-08-01,스노우보드,40대 여성,여성,40대,12.30679,2024,8
2024-09-01,스노우보드,40대 여성,여성,40대,14.40653,2024,9
2024-10-01,스노우보드,40대 여성,여성,40대,15.95217,2024,10
2024-11-01,스노우보드,40대 여성,여성,40대,25.19685,2024,11
2024-12-01,스노우보드,40대 여성,여성,40대,59.28842,2024,12
2025-01-01,스노우보드,40대 여성,여성,40대,64.82939,2025,1
2025-02-01,스노우보드,40대 여성,여성,40대,70.13706,2025,2
2025-03-01,스노우보드,40대 여성,여성,40대,11.57771,2025,3
2025-04-01,스노우보드,40대 여성,여성,40대,6.67833,2025,4
2025-05-01,스노우보드,40대 여성,여성,40대,5.86176,2025,5
2025-06-01,스노우보드,40대 여성,여성,40대,6.67833,2025,6
2025-07-01,스노우보드,40대 여성,여성,40대,6.50335,2025,7
2025-08-01,스노우보드,40대 여성,여성,40대,9.71128,2025,8
2025-09-01,스노우보드,40대 여성,여성,40대,11.25692,2025,9
2025-10-01,스노우보드,40대 여성,여성,40대,13.44415,2025,10
2025-11-01,스노우보드,40대 여성,여성,40대,13.50247,2025,11
2023-01-01,스노우보드,20대 남성,남성,20대,100.0,2023,1
2023-02-01,스노우보드,20대 남성,남성,20대,53.6932,2023,2
2023-03-01,스노우보드,20대 남성,남성,20대,10.34097,2023,3
2023-04-01,스노우보드,20대 남성,남성,20대,4.52766,2023,4
2023-05-01,스노우보드,20대 남성,남성,20대,4.42386,2023,5
2023-06-01,스노우보드,20대 남성,남성,20대,5.02275,2023,6
2023-07-01,스노우보드,20대 남성,남성,20대,6.14868,2023,7
2023-08-01,스노우보드,20대 남성,남성,20대,9.43863,2023,8
2023-09-01,스노우보드,20대 남성,남성,20대,12.79246,2023,9
2023-10-01,스노우보드,20대 남성,남성,20대,16.75317,2023,10
2023-11-01,스노우보드,20대 남성,남성,20대,31.01493,2023,11
2023-12-01,스노우보드,20대 남성,남성,20대,70.30264,2023,12
2024-01-01,스노우보드,20대 남성,남성,20대,77.40158,2024,1
2024-02-01,스노우보드,20대 남성,남성,20대,36.89211,2024,2
2024-03-01,스노우보드,20대 남성,남성,20대,7.89746,2024,3
2024-04-01,스노우보드,20대 남성,남성,20대,3.68921,2024,4
2024-05-01,스노우보드,20대 남성,남성,20대,4.05653,2024,5
2024-06-01,스노우보드,20대 남성,남성,20대,4.08847,2024,6
2024-07-01,스노우보드,20대 남성,남성,20대,5.23836,2024,7
2024-08-01,스노우보드,20대 남성,남성,20대,8.11307,2024,8
2024-09-01,스노우보드,20대 남성,남성,20대,10.64441,2024,9
2024-10-01,스노우보드,20대 남성,남성,20대,14.98842,2024,10
2024-11-01,스노우보드,20대 남성,남성,20대,19.10883,2024,11
2024-12-01,스노우보드,20대 남성,남성,20대,52.04823,2024,12
2025-01-01,스노우보드,20대 남성,남성,20대,53.28595,2025,1
2025-02-01,스노우보드,20대 남성,남성,20대,26.36748,2025,2
2025-03-01,스노우보드,20대 남성,남성,20대,4.29609,2025,3
2025-04-01,스노우보드,20대 남성,남성,20대,1.9564,2025,4
2025-05-01,스노우보드,20대 남성,남성,20대,2.15603,2025,5
2025-06-01,스노우보드,20대 남성,남성,20대,2.31573,2025,6
2025-07-01,스노우보드,20대 남성,남성,20대,3.39375,2025,7
2025-08-01,스노우보드,20대 남성,남성,20대,4.46378,2025,8
2025-09-01,스노우보드,20대 남성,남성,20대,6.36428,2025,9
2025-10-01,스노우보드,20대 남성,남성,20대,8.22486,2025,10
2025-11-01,스노우보드,20대 남성,남성,20대,7.83358,2025,11
2023-01-01,스노우보드,30대 남성,남성,30대,100.0,2023,1
2023-02-01,스노우보드,30대 남성,남성,30대,55.43323,2023,2
2023-03-01,스노우보드,30대 남성,남성,30대,13.78185,2023,3
2023-04-01,스노우보드,30대 남성,남성,30대,5.66768,2023,4
2023-05-01,스노우보드,30대 남성,남성,30대,5.1478,2023,5
2023-06-01,스노우보드,30대 남성,남성,30대,5.9531,2023,6
2023-07-01,스노우보드,30대 남성,남성,30대,6.91131,2023,7
2023-08-01,스노우보드,30대 남성,남성,30대,11.19266,2023,8
2023-09-01,스노우보드,30대 남성,남성,30대,15.158,2023,9
2023-10-01,스노우보드,30대 남성,남성,30대,20.83588,2023,10
2023-11-01,스노우보드,30대 남성,남성,30대,34.11824,2023,11
2023-12-01,스노우보드,30대 남성,남성,30대,68.22629,2023,12
2024-01-01,스노우보드,30대 남성,남성,30대,77.68603,2024,1
2024-02-01,스노우보드,30대 남성,남성,30대,36.33027,2024,2
2024-03-01,스노우보드,30대 남성,남성,30대,9.87767,2024,3
2024-04-01,스노우보드,30대 남성,남성,30대,4.49541,2024,4
2024-05-01,스노우보드,30대 남성,남성,30대,4.36289,2024,5
2024-06-01,스노우보드,30대 남성,남성,30대,4.95412,2024,6
2024-07-01,스노우보드,30대 남성,남성,30대,6.19775,2024,7
2024-08-01,스노우보드,30대 남성,남성,30대,9.79612,2024,8
2024-09-01,스노우보드,30대 남성,남성,30대,13.36391,2024,9
2024-10-01,스노우보드,30대 남성,남성,30대,17.12538,2024,10
2024-11-01,스노우보드,30대 남성,남성,30대,23.32313,2024,11
2024-12-01,스노우보드,30대 남성,남성,30대,55.23955,2024,12
2025-01-01,스노우보드,30대 남성,남성,30대,56.05504,2025,1
2025-02-01,스노우보드,30대 남성,남성,30대,30.96839,2025,2
2025-03-01,스노우보드,30대 남성,남성,30대,5.45361,2025,3
2025-04-01,스노우보드,30대 남성,남성,30대,2.61977,2025,4
2025-05-01,스노우보드,30대 남성,남성,30대,2.96636,2025,5
2025-06-01,스노우보드,30대 남성,남성,30대,2.99694,2025,6
2025-07-01,스노우보드,30대 남성,남성,30대,4.0265,2025,7
2025-08-01,스노우보드,30대 남성,남성,30대,6.33027,2025,8
2025-09-01,스노우보드,30대 남성,남성,30대,9.27624,2025,9
2025-10-01,스노우보드,30대 남성,남성,30대,8.48114,2025,10
2025-11-01,스노우보드,30대 남성,남성,30대,8.96024,2025,11
2023-01-01,스노우보드,40대 남성,남성,40대,100.0,2023,1
2023-02-01,스노우보드,40대 남성,남성,40대,57.87656,2023,2
2023-03-01,스노우보드,40대 남성,남성,40대,23.34915,2023,3
2023-04-01,스노우보드,40대 남성,남성,40대,8.41605,2023,4
2023-05-01,스노우보드,40대 남성,남성,40대,5.46683,2023,5
2023-06-01,스노우보드,40대 남성,남성,40대,7.13566,2023,6
2023-07-01,스노우보드,40대 남성,남성,40대,7.86937,2023,7
2023-08-01,스노우보드,40대 남성,남성,40대,13.40814,2023,8
2023-09-01,스노우보드,40대 남성,남성,40대,15.89699,2023,9
2023-10-01,스노우보드,40대 남성,남성,40대,22.47158,2023,10
2023-11-01,스노우보드,40대 남성,남성,40대,41.59113,2023,11
2023-12-01,스노우보드,40대 남성,남성,40대,70.3352,2023,12
2024-01-01,스노우보드,40대 남성,남성,40대,89.49791,2024,1
2024-02-01,스노우보드,40대 남성,남성,40대,43.70594,2024,2
2024-03-01,스노우보드,40대 남성,남성,40대,11.17824,2024,3
2024-04-01,스노우보드,40대 남성,남성,40대,5.32297,2024,4
2024-05-01,스노우보드,40대 남성,남성,40대,5.89843,2024,5
2024-06-01,스노우보드,40대 남성,남성,40대,6.22931,2024,6
2024-07-01,스노우보드,40대 남성,남성,40대,7.68234,2024,7
2024-08-01,스노우보드,40대 남성,남성,40대,11.06315,2024,8
2024-09-01,스노우보드,40대 남성,남성,40대,15.63803,2024,9
2024-10-01,스노우보드,40대 남성,남성,40대,19.52237,2024,10
2024-11-01,스노우보드,40대 남성,남성,40대,31.348,2024,11
2024-12-01,스노우보드,40대 남성,남성,40대,66.45087,2024,12
2025-01-01,스노우보드,40대 남성,남성,40대,71.57243,2025,1
2025-02-01,스노우보드,40대 남성,남성,40대,47.96432,2025,2
2025-03-01,스노우보드,40대 남성,남성,40대,10.91929,2025,3
2025-04-01,스노우보드,40대 남성,남성,40대,4.58926,2025,4
2025-05-01,스노우보드,40대 남성,남성,40대,4.1289,2025,5
2025-06-01,스노우보드,40대 남성,남성,40대,4.73313,2025,6
2025-07-01,스노우보드,40대 남성,남성,40대,5.95597,2025,7
2025-08-01,스노우보드,40대 남성,남성,40대,10.17119,2025,8
2025-09-01,스노우보드,40대 남성,남성,40대,13.22111,2025,9
2025-10-01,스노우보드,40대 남성,남성,40대,15.3503,2025,10
2025-11-01,스노우보드,40대 남성,남성,40대,14.04114,2025,11
